{"durst":{"Ruby":0.0015392528233680073,"⽂字":0.0012064685748148978,"SVuGy":0.0011461451460741529,"SVG":0.0008988190882370989},"harada":{"照応":0.0033579376056598704,"Metis":0.002225609808402472,"SAGE":0.0017570603750545833,"Hermes":0.0014056483000436668},"komiyama":{"peltier":0.001019558753883894,"digitalWrite":0.0009220102430135955,"LOW":0.0006682915970044586,"絵文字":0.0005554837348746733},"lopez":{"交感神経":0.0012976084341582927,"心拍":0.0012226949575470923,"pNN":0.0009872526024833196,"加熱":0.0008240482427232046},"ohara":{"ツイート":0.0013587949699780126,"デマ":0.0012310162383113216,"食材":0.0009137282859336824,"IGO":0.0008260164721754406},"sakuta":{"conduit":0.0008290467286856506,"暗喩":0.0008238325983165584,"エージェント":0.0007300921721088878,"BML":0.0006804440131665245},"sumi":{"叩打":0.0008857045535847855,"指紋":0.0007037359031627543,"虹彩":0.0006461743912945607,"GMCP":0.00045677844901856866},"tobe":{"UAV":0.0009820473145703073,"Receiver":0.0006778682582037482,"RSSI":0.0005944797026310648,"AP":0.0005272308674918041}}
