{"durst":{"Ruby":0.0018080385060257594,"SVuGy":0.0012159257243399765,"SVG":0.0009535417522455606,"スタック":0.0009087444887172456},"harada":{"照応":0.003559216542125252,"Metis":0.0023590156151295275,"SAGE":0.0018623807487864693,"素性":0.0015015077082921983},"komiyama":{"peltier":0.0010826737496524017,"digitalWrite":0.0010378734565633368,"LOW":0.000752271588120548,"絵文字":0.0006056806394577305},"lopez":{"心拍":0.0014388718667660337,"交感神経":0.0013791686297287377,"pNN":0.0010493056172575345,"加熱":0.0008758431710442294},"ohara":{"ツイート":0.0015326879506741247,"デマ":0.0013099064614180765,"食材":0.0009983448170978251,"IGO":0.0008789521051522781},"sakuta":{"エージェント":0.000918190440839789,"暗喩":0.0008988562821827394,"conduit":0.0008809338535683232,"ジェスチャ":0.0008650113409290283},"sumi":{"叩打":0.0009402277932754084,"指紋":0.0008271498690227823,"虹彩":0.0007043377170286286,"認証":0.00048668712610047617},"tobe":{"UAV":0.0008135803092031153,"Receiver":0.0007177132669511321,"RSSI":0.0006696886081791934,"AP":0.0005731832628957288},"yamaguchi":{"Eq":0.004588859441636312,"車両":0.0022045034808004928,"ステアリング":0.002203798701996477,"荷台":0.002090213462944289}}